"Wind speed, m/s","Turbulence intensity, %",Realization,Name
6,2,1,run_001
6,2,2,run_002
6,2,3,run_003
6,2,4,run_004
6,2,5,run_005
6,2,6,run_006
6,2,7,run_007
6,2,8,run_008
6,2,9,run_009
6,2,10,run_010
6,2,11,run_011
6,2,12,run_012
6,10,1,run_013
6,10,2,run_014
6,10,3,run_015
6,10,4,run_016
6,10,5,run_017
6,10,6,run_018
6,10,7,run_019
6,10,8,run_020
6,10,9,run_021
6,10,10,run_022
6,10,11,run_023
6,10,12,run_024
6,25,1,run_025
6,25,2,run_026
6,25,3,run_027
6,25,4,run_028
6,25,5,run_029
6,25,6,run_030
6,25,7,run_031
6,25,8,run_032
6,25,9,run_033
6,25,10,run_034
6,25,11,run_035
6,25,12,run_036
12,2,1,run_037
12,2,2,run_038
12,2,3,run_039
12,2,4,run_040
12,2,5,run_041
12,2,6,run_042
12,2,7,run_043
12,2,8,run_044
12,2,9,run_045
12,2,10,run_046
12,2,11,run_047
12,2,12,run_048
12,10,1,run_049
12,10,2,run_050
12,10,3,run_051
12,10,4,run_052
12,10,5,run_053
12,10,6,run_054
12,10,7,run_055
12,10,8,run_056
12,10,9,run_057
12,10,10,run_058
12,10,11,run_059
12,10,12,run_060
12,25,1,run_061
12,25,2,run_062
12,25,3,run_063
12,25,4,run_064
12,25,5,run_065
12,25,6,run_066
12,25,7,run_067
12,25,8,run_068
12,25,9,run_069
12,25,10,run_070
12,25,11,run_071
12,25,12,run_072
20,2,1,run_073
20,2,2,run_074
20,2,3,run_075
20,2,4,run_076
20,2,5,run_077
20,2,6,run_078
20,2,7,run_079
20,2,8,run_080
20,2,9,run_081
20,2,10,run_082
20,2,11,run_083
20,2,12,run_084
20,10,1,run_085
20,10,2,run_086
20,10,3,run_087
20,10,4,run_088
20,10,5,run_089
20,10,6,run_090
20,10,7,run_091
20,10,8,run_092
20,10,9,run_093
20,10,10,run_094
20,10,11,run_095
20,10,12,run_096
20,25,1,run_097
20,25,2,run_098
20,25,3,run_099
20,25,4,run_100
20,25,5,run_101
20,25,6,run_102
20,25,7,run_103
20,25,8,run_104
20,25,9,run_105
20,25,10,run_106
20,25,11,run_107
20,25,12,run_108
